"filename", "language", "Markdown", "XML", "JSON", "PostCSS", "JavaScript", "PowerShell", "HTML", "C#", "comment", "blank", "total"
"c:\Users\Hetu\OneDrive\Blogger\AGENTS.md", "Markdown", 234, 0, 0, 0, 0, 0, 0, 0, 0, 119, 353
"c:\Users\Hetu\OneDrive\Blogger\Resources\Articles\1.C#多线程入门概念及技巧.md", "Markdown", 71, 0, 0, 0, 0, 0, 0, 0, 0, 28, 99
"c:\Users\Hetu\OneDrive\Blogger\Resources\Articles\1.前置知识.md", "Markdown", 258, 0, 0, 0, 0, 0, 0, 0, 0, 49, 307
"c:\Users\Hetu\OneDrive\Blogger\Resources\Articles\1.工厂方法模式.md", "Markdown", 42, 0, 0, 0, 0, 0, 0, 0, 0, 3, 45
"c:\Users\Hetu\OneDrive\Blogger\Resources\Articles\1.设计模式面试常考点.md", "Markdown", 77, 0, 0, 0, 0, 0, 0, 0, 0, 24, 101
"c:\Users\Hetu\OneDrive\Blogger\Resources\Articles\1.责任链模式.md", "Markdown", 36, 0, 0, 0, 0, 0, 0, 0, 0, 8, 44
"c:\Users\Hetu\OneDrive\Blogger\Resources\Articles\1.适配器模式.md", "Markdown", 85, 0, 0, 0, 0, 0, 0, 0, 0, 47, 132
"c:\Users\Hetu\OneDrive\Blogger\Resources\Articles\10.访问者模式.md", "Markdown", 47, 0, 0, 0, 0, 0, 0, 0, 0, 9, 56
"c:\Users\Hetu\OneDrive\Blogger\Resources\Articles\11.解释器模式.md", "Markdown", 36, 0, 0, 0, 0, 0, 0, 0, 0, 9, 45
"c:\Users\Hetu\OneDrive\Blogger\Resources\Articles\2.C#异步编程的入门概念及核心理念.md", "Markdown", 78, 0, 0, 0, 0, 0, 0, 0, 0, 9, 87
"c:\Users\Hetu\OneDrive\Blogger\Resources\Articles\2.Socket套接字.md", "Markdown", 111, 0, 0, 0, 0, 0, 0, 0, 0, 27, 138
"c:\Users\Hetu\OneDrive\Blogger\Resources\Articles\2.命令模式.md", "Markdown", 34, 0, 0, 0, 0, 0, 0, 0, 0, 7, 41
"c:\Users\Hetu\OneDrive\Blogger\Resources\Articles\2.抽象工厂模式.md", "Markdown", 97, 0, 0, 0, 0, 0, 0, 0, 0, 31, 128
"c:\Users\Hetu\OneDrive\Blogger\Resources\Articles\2.数据局部性与系统性能优化.md", "Markdown", 50, 0, 0, 0, 0, 0, 0, 0, 0, 13, 63
"c:\Users\Hetu\OneDrive\Blogger\Resources\Articles\2.桥接模式.md", "Markdown", 45, 0, 0, 0, 0, 0, 0, 0, 0, 12, 57
"c:\Users\Hetu\OneDrive\Blogger\Resources\Articles\3.ECS架构设计.md", "Markdown", 68, 0, 0, 0, 0, 0, 0, 0, 0, 17, 85
"c:\Users\Hetu\OneDrive\Blogger\Resources\Articles\3.建造者模式.md", "Markdown", 111, 0, 0, 0, 0, 0, 0, 0, 0, 44, 155
"c:\Users\Hetu\OneDrive\Blogger\Resources\Articles\3.服务端与客户端.md", "Markdown", 319, 0, 0, 0, 0, 0, 0, 0, 0, 54, 373
"c:\Users\Hetu\OneDrive\Blogger\Resources\Articles\3.组合模式.md", "Markdown", 49, 0, 0, 0, 0, 0, 0, 0, 0, 19, 68
"c:\Users\Hetu\OneDrive\Blogger\Resources\Articles\3.迭代器模式.md", "Markdown", 48, 0, 0, 0, 0, 0, 0, 0, 0, 13, 61
"c:\Users\Hetu\OneDrive\Blogger\Resources\Articles\4.中介者模式.md", "Markdown", 47, 0, 0, 0, 0, 0, 0, 0, 0, 9, 56
"c:\Users\Hetu\OneDrive\Blogger\Resources\Articles\4.原型模式.md", "Markdown", 37, 0, 0, 0, 0, 0, 0, 0, 0, 6, 43
"c:\Users\Hetu\OneDrive\Blogger\Resources\Articles\4.对象池设计浅析.md", "Markdown", 51, 0, 0, 0, 0, 0, 0, 0, 0, 14, 65
"c:\Users\Hetu\OneDrive\Blogger\Resources\Articles\4.消息收发.md", "Markdown", 31, 0, 0, 0, 0, 0, 0, 0, 0, 12, 43
"c:\Users\Hetu\OneDrive\Blogger\Resources\Articles\4.装饰器模式.md", "Markdown", 48, 0, 0, 0, 0, 0, 0, 0, 0, 20, 68
"c:\Users\Hetu\OneDrive\Blogger\Resources\Articles\5.单例模式.md", "Markdown", 7, 0, 0, 0, 0, 0, 0, 0, 0, 2, 9
"c:\Users\Hetu\OneDrive\Blogger\Resources\Articles\5.备忘录模式.md", "Markdown", 46, 0, 0, 0, 0, 0, 0, 0, 0, 8, 54
"c:\Users\Hetu\OneDrive\Blogger\Resources\Articles\5.外观模式.md", "Markdown", 37, 0, 0, 0, 0, 0, 0, 0, 0, 17, 54
"c:\Users\Hetu\OneDrive\Blogger\Resources\Articles\5.架构设计.md", "Markdown", 59, 0, 0, 0, 0, 0, 0, 0, 0, 17, 76
"c:\Users\Hetu\OneDrive\Blogger\Resources\Articles\6.MVC、MVP、MVVM架构的异同.md", "Markdown", 161, 0, 0, 0, 0, 0, 0, 0, 0, 89, 250
"c:\Users\Hetu\OneDrive\Blogger\Resources\Articles\6.享元模式.md", "Markdown", 69, 0, 0, 0, 0, 0, 0, 0, 0, 24, 93
"c:\Users\Hetu\OneDrive\Blogger\Resources\Articles\6.观察者模式.md", "Markdown", 75, 0, 0, 0, 0, 0, 0, 0, 0, 16, 91
"c:\Users\Hetu\OneDrive\Blogger\Resources\Articles\7.Unity、前端、WinForm中更适合用哪一种架构.md", "Markdown", 251, 0, 0, 0, 0, 0, 0, 0, 0, 144, 395
"c:\Users\Hetu\OneDrive\Blogger\Resources\Articles\7.代理模式.md", "Markdown", 35, 0, 0, 0, 0, 0, 0, 0, 0, 8, 43
"c:\Users\Hetu\OneDrive\Blogger\Resources\Articles\7.状态模式.md", "Markdown", 100, 0, 0, 0, 0, 0, 0, 0, 0, 27, 127
"c:\Users\Hetu\OneDrive\Blogger\Resources\Articles\8.策略模式.md", "Markdown", 37, 0, 0, 0, 0, 0, 0, 0, 0, 17, 54
"c:\Users\Hetu\OneDrive\Blogger\Resources\Articles\9.模版方法模式.md", "Markdown", 41, 0, 0, 0, 0, 0, 0, 0, 0, 10, 51
"c:\Users\Hetu\OneDrive\Blogger\Resources\Articles\Addressables.md", "Markdown", 128, 0, 0, 0, 0, 0, 0, 0, 0, 28, 156
"c:\Users\Hetu\OneDrive\Blogger\Resources\Articles\AssetBundle 与 Addressables 对比.md", "Markdown", 189, 0, 0, 0, 0, 0, 0, 0, 0, 40, 229
"c:\Users\Hetu\OneDrive\Blogger\Resources\Articles\C#-数据结构.md", "Markdown", 351, 0, 0, 0, 0, 0, 0, 0, 0, 27, 378
"c:\Users\Hetu\OneDrive\Blogger\Resources\Articles\C++-数据结构.md", "Markdown", 252, 0, 0, 0, 0, 0, 0, 0, 0, 68, 320
"c:\Users\Hetu\OneDrive\Blogger\Resources\Articles\LINQ常用查找操作.md", "Markdown", 263, 0, 0, 0, 0, 0, 0, 0, 0, 140, 403
"c:\Users\Hetu\OneDrive\Blogger\Resources\Articles\Layer.md", "Markdown", 94, 0, 0, 0, 0, 0, 0, 0, 0, 40, 134
"c:\Users\Hetu\OneDrive\Blogger\Resources\Articles\Mahjong流程设计-大厅.md", "Markdown", 155, 0, 0, 0, 0, 0, 0, 0, 0, 45, 200
"c:\Users\Hetu\OneDrive\Blogger\Resources\Articles\Mahjong流程设计-对局.md", "Markdown", 383, 0, 0, 0, 0, 0, 0, 0, 0, 84, 467
"c:\Users\Hetu\OneDrive\Blogger\Resources\Articles\Mahjong规则文档.md", "Markdown", 94, 0, 0, 0, 0, 0, 0, 0, 0, 21, 115
"c:\Users\Hetu\OneDrive\Blogger\Resources\Articles\Unity中的特殊文件夹.md", "Markdown", 163, 0, 0, 0, 0, 0, 0, 0, 0, 37, 200
"c:\Users\Hetu\OneDrive\Blogger\Resources\Articles\_创建型概要.md", "Markdown", 19, 0, 0, 0, 0, 0, 0, 0, 0, 3, 22
"c:\Users\Hetu\OneDrive\Blogger\Resources\Articles\_结构型概要.md", "Markdown", 23, 0, 0, 0, 0, 0, 0, 0, 0, 4, 27
"c:\Users\Hetu\OneDrive\Blogger\Resources\Articles\_行为型模式概要.md", "Markdown", 19, 0, 0, 0, 0, 0, 0, 0, 0, 4, 23
"c:\Users\Hetu\OneDrive\Blogger\Resources\Articles\empty.md", "Markdown", 7, 0, 0, 0, 0, 0, 0, 0, 0, 2, 9
"c:\Users\Hetu\OneDrive\Blogger\Resources\Articles\static和const关键字.md", "Markdown", 265, 0, 0, 0, 0, 0, 0, 0, 0, 94, 359
"c:\Users\Hetu\OneDrive\Blogger\Resources\Articles\switch.md", "Markdown", 40, 0, 0, 0, 0, 0, 0, 0, 0, 9, 49
"c:\Users\Hetu\OneDrive\Blogger\Resources\Articles\事件.md", "Markdown", 34, 0, 0, 0, 0, 0, 0, 0, 0, 12, 46
"c:\Users\Hetu\OneDrive\Blogger\Resources\Articles\依赖注入.md", "Markdown", 141, 0, 0, 0, 0, 0, 0, 0, 0, 53, 194
"c:\Users\Hetu\OneDrive\Blogger\Resources\Articles\值类型与引用类型.md", "Markdown", 139, 0, 0, 0, 0, 0, 0, 0, 0, 46, 185
"c:\Users\Hetu\OneDrive\Blogger\Resources\Articles\匿名函数.md", "Markdown", 160, 0, 0, 0, 0, 0, 0, 0, 0, 43, 203
"c:\Users\Hetu\OneDrive\Blogger\Resources\Articles\协程.md", "Markdown", 92, 0, 0, 0, 0, 0, 0, 0, 0, 30, 122
"c:\Users\Hetu\OneDrive\Blogger\Resources\Articles\反射与特性A.md", "Markdown", 144, 0, 0, 0, 0, 0, 0, 0, 0, 33, 177
"c:\Users\Hetu\OneDrive\Blogger\Resources\Articles\回调.md", "Markdown", 177, 0, 0, 0, 0, 0, 0, 0, 0, 36, 213
"c:\Users\Hetu\OneDrive\Blogger\Resources\Articles\坐标变换系统.md", "Markdown", 13, 0, 0, 0, 0, 0, 0, 0, 0, 1, 14
"c:\Users\Hetu\OneDrive\Blogger\Resources\Articles\委托与事件——基础.md", "Markdown", 104, 0, 0, 0, 0, 0, 0, 0, 0, 32, 136
"c:\Users\Hetu\OneDrive\Blogger\Resources\Articles\委托与事件——进阶.md", "Markdown", 59, 0, 0, 0, 0, 0, 0, 0, 0, 7, 66
"c:\Users\Hetu\OneDrive\Blogger\Resources\Articles\字符串.md", "Markdown", 120, 0, 0, 0, 0, 0, 0, 0, 0, 22, 142
"c:\Users\Hetu\OneDrive\Blogger\Resources\Articles\属性.md", "Markdown", 158, 0, 0, 0, 0, 0, 0, 0, 0, 30, 188
"c:\Users\Hetu\OneDrive\Blogger\Resources\Articles\工具集\HLogger.cs", "C#", 0, 0, 0, 0, 0, 0, 0, 36, 24, 2, 62
"c:\Users\Hetu\OneDrive\Blogger\Resources\Articles\常用注册表路径.md", "Markdown", 11, 0, 0, 0, 0, 0, 0, 0, 0, 1, 12
"c:\Users\Hetu\OneDrive\Blogger\Resources\Articles\强制转换.md", "Markdown", 65, 0, 0, 0, 0, 0, 0, 0, 0, 20, 85
"c:\Users\Hetu\OneDrive\Blogger\Resources\Articles\扩展方法.md", "Markdown", 172, 0, 0, 0, 0, 0, 0, 0, 0, 34, 206
"c:\Users\Hetu\OneDrive\Blogger\Resources\Articles\抽象方法和虚拟函数的区别.md", "Markdown", 181, 0, 0, 0, 0, 0, 0, 0, 0, 32, 213
"c:\Users\Hetu\OneDrive\Blogger\Resources\Articles\抽象类.md", "Markdown", 56, 0, 0, 0, 0, 0, 0, 0, 0, 11, 67
"c:\Users\Hetu\OneDrive\Blogger\Resources\Articles\抽象类与接口.md", "Markdown", 157, 0, 0, 0, 0, 0, 0, 0, 0, 35, 192
"c:\Users\Hetu\OneDrive\Blogger\Resources\Articles\接口.md", "Markdown", 186, 0, 0, 0, 0, 0, 0, 0, 0, 47, 233
"c:\Users\Hetu\OneDrive\Blogger\Resources\Articles\接口的特性及用法.md", "Markdown", 57, 0, 0, 0, 0, 0, 0, 0, 0, 12, 69
"c:\Users\Hetu\OneDrive\Blogger\Resources\Articles\数组.md", "Markdown", 14, 0, 0, 0, 0, 0, 0, 0, 0, 2, 16
"c:\Users\Hetu\OneDrive\Blogger\Resources\Articles\枚举.md", "Markdown", 149, 0, 0, 0, 0, 0, 0, 0, 0, 35, 184
"c:\Users\Hetu\OneDrive\Blogger\Resources\Articles\概述.md", "Markdown", 76, 0, 0, 0, 0, 0, 0, 0, 0, 24, 100
"c:\Users\Hetu\OneDrive\Blogger\Resources\Articles\泛型.md", "Markdown", 212, 0, 0, 0, 0, 0, 0, 0, 0, 57, 269
"c:\Users\Hetu\OneDrive\Blogger\Resources\Articles\注释.md", "Markdown", 20, 0, 0, 0, 0, 0, 0, 0, 0, 4, 24
"c:\Users\Hetu\OneDrive\Blogger\Resources\Articles\结构体的运算符重载.md", "Markdown", 117, 0, 0, 0, 0, 0, 0, 0, 0, 28, 145
"c:\Users\Hetu\OneDrive\Blogger\Resources\Articles\继承.md", "Markdown", 216, 0, 0, 0, 0, 0, 0, 0, 0, 24, 240
"c:\Users\Hetu\OneDrive\Blogger\Resources\Assets\六大设计原则.md", "Markdown", 44, 0, 0, 0, 0, 0, 0, 0, 0, 22, 66
"c:\Users\Hetu\OneDrive\Blogger\Resources\Pages\about.md", "Markdown", 31, 0, 0, 0, 0, 0, 0, 0, 0, 14, 45
"c:\Users\Hetu\OneDrive\Blogger\Resources\site.config.json", "JSON", 0, 0, 14, 0, 0, 0, 0, 0, 0, 1, 15
"c:\Users\Hetu\OneDrive\Blogger\css\article.css", "PostCSS", 0, 0, 0, 629, 0, 0, 0, 0, 2, 115, 746
"c:\Users\Hetu\OneDrive\Blogger\css\common.css", "PostCSS", 0, 0, 0, 430, 0, 0, 0, 0, 2, 65, 497
"c:\Users\Hetu\OneDrive\Blogger\css\index.css", "PostCSS", 0, 0, 0, 649, 0, 0, 0, 0, 2, 109, 760
"c:\Users\Hetu\OneDrive\Blogger\css\list.css", "PostCSS", 0, 0, 0, 401, 0, 0, 0, 0, 2, 63, 466
"c:\Users\Hetu\OneDrive\Blogger\index.html", "HTML", 0, 0, 0, 0, 0, 0, 114, 0, 0, 18, 132
"c:\Users\Hetu\OneDrive\Blogger\js\app.js", "JavaScript", 0, 0, 0, 0, 153, 0, 0, 0, 6, 18, 177
"c:\Users\Hetu\OneDrive\Blogger\js\modules_data.js", "JavaScript", 0, 0, 0, 0, 7634, 0, 0, 0, 4, 1, 7639
"c:\Users\Hetu\OneDrive\Blogger\js\services.js", "JavaScript", 0, 0, 0, 0, 179, 0, 0, 0, 19, 45, 243
"c:\Users\Hetu\OneDrive\Blogger\js\text-utils.js", "JavaScript", 0, 0, 0, 0, 96, 0, 0, 0, 29, 26, 151
"c:\Users\Hetu\OneDrive\Blogger\js\utils.js", "JavaScript", 0, 0, 0, 0, 68, 0, 0, 0, 46, 21, 135
"c:\Users\Hetu\OneDrive\Blogger\js\view-helpers.js", "JavaScript", 0, 0, 0, 0, 141, 0, 0, 0, 79, 38, 258
"c:\Users\Hetu\OneDrive\Blogger\js\views\article.js", "JavaScript", 0, 0, 0, 0, 233, 0, 0, 0, 6, 26, 265
"c:\Users\Hetu\OneDrive\Blogger\js\views\common.js", "JavaScript", 0, 0, 0, 0, 133, 0, 0, 0, 6, 20, 159
"c:\Users\Hetu\OneDrive\Blogger\js\views\home.js", "JavaScript", 0, 0, 0, 0, 168, 0, 0, 0, 7, 13, 188
"c:\Users\Hetu\OneDrive\Blogger\js\views\taxonomy.js", "JavaScript", 0, 0, 0, 0, 353, 0, 0, 0, 6, 38, 397
"c:\Users\Hetu\OneDrive\Blogger\package.json", "JSON", 0, 0, 17, 0, 0, 0, 0, 0, 0, 1, 18
"c:\Users\Hetu\OneDrive\Blogger\rss.xml", "XML", 0, 169, 0, 0, 0, 0, 0, 0, 0, 2, 171
"c:\Users\Hetu\OneDrive\Blogger\scripts\build-site.js", "JavaScript", 0, 0, 0, 0, 17, 0, 0, 0, 0, 5, 22
"c:\Users\Hetu\OneDrive\Blogger\scripts\check-content.js", "JavaScript", 0, 0, 0, 0, 19, 0, 0, 0, 0, 5, 24
"c:\Users\Hetu\OneDrive\Blogger\scripts\dev-server.js", "JavaScript", 0, 0, 0, 0, 128, 0, 0, 0, 31, 30, 189
"c:\Users\Hetu\OneDrive\Blogger\scripts\generate-data.js", "JavaScript", 0, 0, 0, 0, 8, 0, 0, 0, 0, 2, 10
"c:\Users\Hetu\OneDrive\Blogger\scripts\generate_modules.ps1", "PowerShell", 0, 0, 0, 0, 0, 11, 0, 0, 9, 5, 25
"c:\Users\Hetu\OneDrive\Blogger\scripts\open-local.js", "JavaScript", 0, 0, 0, 0, 45, 0, 0, 0, 24, 17, 86
"c:\Users\Hetu\OneDrive\Blogger\scripts\site-builder.js", "JavaScript", 0, 0, 0, 0, 595, 0, 0, 0, 7, 135, 737
"c:\Users\Hetu\OneDrive\Blogger\sitemap.xml", "XML", 0, 366, 0, 0, 0, 0, 0, 0, 0, 2, 368
"c:\Users\Hetu\OneDrive\Blogger\test_ref.md", "Markdown", 23, 0, 0, 0, 0, 0, 0, 0, 0, 10, 33
"c:\Users\Hetu\OneDrive\Blogger\vercel.json", "JSON", 0, 0, 3, 0, 0, 0, 0, 0, 0, 0, 3
"c:\Users\Hetu\OneDrive\Blogger\项目讲解文档.md", "Markdown", 353, 0, 0, 0, 0, 0, 0, 0, 0, 187, 540
"c:\Users\Hetu\OneDrive\Blogger\项目迭代记录.md", "Markdown", 132, 0, 0, 0, 0, 0, 0, 0, 0, 59, 191
"Total", "-", 9086, 535, 34, 2109, 9970, 11, 114, 36, 311, 3454, 25660