"filename", "language", "JavaScript", "PowerShell", "Markdown", "JSON", "HTML", "comment", "blank", "total"
"c:\Users\Hetu\OneDrive\Blogger\AGENTS.md", "Markdown", 0, 0, 26, 0, 0, 0, 6, 32
"c:\Users\Hetu\OneDrive\Blogger\Resources\Articles\1.C#多线程入门概念及技巧.md", "Markdown", 0, 0, 71, 0, 0, 0, 28, 99
"c:\Users\Hetu\OneDrive\Blogger\Resources\Articles\1.前置知识.md", "Markdown", 0, 0, 258, 0, 0, 0, 49, 307
"c:\Users\Hetu\OneDrive\Blogger\Resources\Articles\1.工厂方法模式.md", "Markdown", 0, 0, 42, 0, 0, 0, 3, 45
"c:\Users\Hetu\OneDrive\Blogger\Resources\Articles\1.设计模式面试常考点.md", "Markdown", 0, 0, 77, 0, 0, 0, 24, 101
"c:\Users\Hetu\OneDrive\Blogger\Resources\Articles\1.责任链模式.md", "Markdown", 0, 0, 36, 0, 0, 0, 8, 44
"c:\Users\Hetu\OneDrive\Blogger\Resources\Articles\1.适配器模式.md", "Markdown", 0, 0, 85, 0, 0, 0, 47, 132
"c:\Users\Hetu\OneDrive\Blogger\Resources\Articles\10.访问者模式.md", "Markdown", 0, 0, 47, 0, 0, 0, 9, 56
"c:\Users\Hetu\OneDrive\Blogger\Resources\Articles\11.解释器模式.md", "Markdown", 0, 0, 36, 0, 0, 0, 9, 45
"c:\Users\Hetu\OneDrive\Blogger\Resources\Articles\2.C#异步编程的入门概念及核心理念.md", "Markdown", 0, 0, 78, 0, 0, 0, 9, 87
"c:\Users\Hetu\OneDrive\Blogger\Resources\Articles\2.Socket套接字.md", "Markdown", 0, 0, 111, 0, 0, 0, 27, 138
"c:\Users\Hetu\OneDrive\Blogger\Resources\Articles\2.命令模式.md", "Markdown", 0, 0, 34, 0, 0, 0, 7, 41
"c:\Users\Hetu\OneDrive\Blogger\Resources\Articles\2.抽象工厂模式.md", "Markdown", 0, 0, 97, 0, 0, 0, 31, 128
"c:\Users\Hetu\OneDrive\Blogger\Resources\Articles\2.数据局部性与系统性能优化.md", "Markdown", 0, 0, 50, 0, 0, 0, 13, 63
"c:\Users\Hetu\OneDrive\Blogger\Resources\Articles\2.桥接模式.md", "Markdown", 0, 0, 45, 0, 0, 0, 12, 57
"c:\Users\Hetu\OneDrive\Blogger\Resources\Articles\3.ECS架构设计.md", "Markdown", 0, 0, 68, 0, 0, 0, 17, 85
"c:\Users\Hetu\OneDrive\Blogger\Resources\Articles\3.建造者模式.md", "Markdown", 0, 0, 111, 0, 0, 0, 44, 155
"c:\Users\Hetu\OneDrive\Blogger\Resources\Articles\3.服务端与客户端.md", "Markdown", 0, 0, 319, 0, 0, 0, 54, 373
"c:\Users\Hetu\OneDrive\Blogger\Resources\Articles\3.组合模式.md", "Markdown", 0, 0, 49, 0, 0, 0, 19, 68
"c:\Users\Hetu\OneDrive\Blogger\Resources\Articles\3.迭代器模式.md", "Markdown", 0, 0, 48, 0, 0, 0, 13, 61
"c:\Users\Hetu\OneDrive\Blogger\Resources\Articles\4.中介者模式.md", "Markdown", 0, 0, 47, 0, 0, 0, 9, 56
"c:\Users\Hetu\OneDrive\Blogger\Resources\Articles\4.原型模式.md", "Markdown", 0, 0, 37, 0, 0, 0, 6, 43
"c:\Users\Hetu\OneDrive\Blogger\Resources\Articles\4.对象池设计浅析.md", "Markdown", 0, 0, 51, 0, 0, 0, 14, 65
"c:\Users\Hetu\OneDrive\Blogger\Resources\Articles\4.消息收发.md", "Markdown", 0, 0, 31, 0, 0, 0, 12, 43
"c:\Users\Hetu\OneDrive\Blogger\Resources\Articles\4.装饰器模式.md", "Markdown", 0, 0, 48, 0, 0, 0, 20, 68
"c:\Users\Hetu\OneDrive\Blogger\Resources\Articles\5.单例模式.md", "Markdown", 0, 0, 7, 0, 0, 0, 2, 9
"c:\Users\Hetu\OneDrive\Blogger\Resources\Articles\5.备忘录模式.md", "Markdown", 0, 0, 46, 0, 0, 0, 8, 54
"c:\Users\Hetu\OneDrive\Blogger\Resources\Articles\5.外观模式.md", "Markdown", 0, 0, 37, 0, 0, 0, 17, 54
"c:\Users\Hetu\OneDrive\Blogger\Resources\Articles\5.架构设计.md", "Markdown", 0, 0, 59, 0, 0, 0, 17, 76
"c:\Users\Hetu\OneDrive\Blogger\Resources\Articles\6.MVC、MVP、MVVM架构的异同.md", "Markdown", 0, 0, 161, 0, 0, 0, 89, 250
"c:\Users\Hetu\OneDrive\Blogger\Resources\Articles\6.享元模式.md", "Markdown", 0, 0, 69, 0, 0, 0, 24, 93
"c:\Users\Hetu\OneDrive\Blogger\Resources\Articles\6.观察者模式.md", "Markdown", 0, 0, 75, 0, 0, 0, 16, 91
"c:\Users\Hetu\OneDrive\Blogger\Resources\Articles\7.Unity、前端、WinForm中更适合用哪一种架构.md", "Markdown", 0, 0, 251, 0, 0, 0, 144, 395
"c:\Users\Hetu\OneDrive\Blogger\Resources\Articles\7.代理模式.md", "Markdown", 0, 0, 35, 0, 0, 0, 8, 43
"c:\Users\Hetu\OneDrive\Blogger\Resources\Articles\7.状态模式.md", "Markdown", 0, 0, 100, 0, 0, 0, 27, 127
"c:\Users\Hetu\OneDrive\Blogger\Resources\Articles\8.策略模式.md", "Markdown", 0, 0, 37, 0, 0, 0, 17, 54
"c:\Users\Hetu\OneDrive\Blogger\Resources\Articles\9.模版方法模式.md", "Markdown", 0, 0, 41, 0, 0, 0, 10, 51
"c:\Users\Hetu\OneDrive\Blogger\Resources\Articles\Addressables.md", "Markdown", 0, 0, 128, 0, 0, 0, 28, 156
"c:\Users\Hetu\OneDrive\Blogger\Resources\Articles\AssetBundle 与 Addressables 对比.md", "Markdown", 0, 0, 189, 0, 0, 0, 40, 229
"c:\Users\Hetu\OneDrive\Blogger\Resources\Articles\C#-数据结构.md", "Markdown", 0, 0, 351, 0, 0, 0, 27, 378
"c:\Users\Hetu\OneDrive\Blogger\Resources\Articles\C#\多线程与异步编程\1.C#多线程入门概念及技巧.md", "Markdown", 0, 0, -64, 0, 0, 0, -27, -91
"c:\Users\Hetu\OneDrive\Blogger\Resources\Articles\C#\多线程与异步编程\2.C#异步编程的入门概念及核心理念.md", "Markdown", 0, 0, -71, 0, 0, 0, -8, -79
"c:\Users\Hetu\OneDrive\Blogger\Resources\Articles\C#\概念\LINQ常用查找操作.md", "Markdown", 0, 0, -261, 0, 0, 0, -140, -401
"c:\Users\Hetu\OneDrive\Blogger\Resources\Articles\C#\概念\empty.md", "Markdown", 0, 0, 0, 0, 0, 0, -1, -1
"c:\Users\Hetu\OneDrive\Blogger\Resources\Articles\C#\概念\static和const关键字.md", "Markdown", 0, 0, -258, 0, 0, 0, -93, -351
"c:\Users\Hetu\OneDrive\Blogger\Resources\Articles\C#\概念\switch.md", "Markdown", 0, 0, -33, 0, 0, 0, -8, -41
"c:\Users\Hetu\OneDrive\Blogger\Resources\Articles\C#\概念\事件.md", "Markdown", 0, 0, -27, 0, 0, 0, -11, -38
"c:\Users\Hetu\OneDrive\Blogger\Resources\Articles\C#\概念\值类型与引用类型.md", "Markdown", 0, 0, -132, 0, 0, 0, -45, -177
"c:\Users\Hetu\OneDrive\Blogger\Resources\Articles\C#\概念\匿名函数.md", "Markdown", 0, 0, -153, 0, 0, 0, -42, -195
"c:\Users\Hetu\OneDrive\Blogger\Resources\Articles\C#\概念\协程.md", "Markdown", 0, 0, -85, 0, 0, 0, -29, -114
"c:\Users\Hetu\OneDrive\Blogger\Resources\Articles\C#\概念\反射与特性A.md", "Markdown", 0, 0, -137, 0, 0, 0, -32, -169
"c:\Users\Hetu\OneDrive\Blogger\Resources\Articles\C#\概念\回调.md", "Markdown", 0, 0, -170, 0, 0, 0, -35, -205
"c:\Users\Hetu\OneDrive\Blogger\Resources\Articles\C#\概念\委托与事件——基础.md", "Markdown", 0, 0, -97, 0, 0, 0, -31, -128
"c:\Users\Hetu\OneDrive\Blogger\Resources\Articles\C#\概念\委托与事件——进阶.md", "Markdown", 0, 0, -52, 0, 0, 0, -6, -58
"c:\Users\Hetu\OneDrive\Blogger\Resources\Articles\C#\概念\字符串.md", "Markdown", 0, 0, -113, 0, 0, 0, -21, -134
"c:\Users\Hetu\OneDrive\Blogger\Resources\Articles\C#\概念\属性.md", "Markdown", 0, 0, -151, 0, 0, 0, -29, -180
"c:\Users\Hetu\OneDrive\Blogger\Resources\Articles\C#\概念\强制转换.md", "Markdown", 0, 0, -58, 0, 0, 0, -19, -77
"c:\Users\Hetu\OneDrive\Blogger\Resources\Articles\C#\概念\扩展方法.md", "Markdown", 0, 0, -165, 0, 0, 0, -33, -198
"c:\Users\Hetu\OneDrive\Blogger\Resources\Articles\C#\概念\接口的特性及用法.md", "Markdown", 0, 0, -50, 0, 0, 0, -11, -61
"c:\Users\Hetu\OneDrive\Blogger\Resources\Articles\C#\概念\数据结构.md", "Markdown", 0, 0, -344, 0, 0, 0, -26, -370
"c:\Users\Hetu\OneDrive\Blogger\Resources\Articles\C#\概念\数组.md", "Markdown", 0, 0, -7, 0, 0, 0, -1, -8
"c:\Users\Hetu\OneDrive\Blogger\Resources\Articles\C#\概念\枚举.md", "Markdown", 0, 0, -142, 0, 0, 0, -34, -176
"c:\Users\Hetu\OneDrive\Blogger\Resources\Articles\C#\概念\泛型.md", "Markdown", 0, 0, -205, 0, 0, 0, -56, -261
"c:\Users\Hetu\OneDrive\Blogger\Resources\Articles\C#\概念\注释.md", "Markdown", 0, 0, -13, 0, 0, 0, -3, -16
"c:\Users\Hetu\OneDrive\Blogger\Resources\Articles\C#\概念\结构体的运算符重载.md", "Markdown", 0, 0, -110, 0, 0, 0, -27, -137
"c:\Users\Hetu\OneDrive\Blogger\Resources\Articles\C#\继承\抽象方法和虚拟函数的区别.md", "Markdown", 0, 0, -174, 0, 0, 0, -31, -205
"c:\Users\Hetu\OneDrive\Blogger\Resources\Articles\C#\继承\抽象类.md", "Markdown", 0, 0, -49, 0, 0, 0, -10, -59
"c:\Users\Hetu\OneDrive\Blogger\Resources\Articles\C#\继承\抽象类与接口.md", "Markdown", 0, 0, -150, 0, 0, 0, -34, -184
"c:\Users\Hetu\OneDrive\Blogger\Resources\Articles\C#\继承\接口.md", "Markdown", 0, 0, -179, 0, 0, 0, -46, -225
"c:\Users\Hetu\OneDrive\Blogger\Resources\Articles\C#\继承\继承.md", "Markdown", 0, 0, -209, 0, 0, 0, -23, -232
"c:\Users\Hetu\OneDrive\Blogger\Resources\Articles\C++-数据结构.md", "Markdown", 0, 0, 252, 0, 0, 0, 68, 320
"c:\Users\Hetu\OneDrive\Blogger\Resources\Articles\C++\数据结构\数据结构.md", "Markdown", 0, 0, -245, 0, 0, 0, -68, -313
"c:\Users\Hetu\OneDrive\Blogger\Resources\Articles\LINQ常用查找操作.md", "Markdown", 0, 0, 263, 0, 0, 0, 140, 403
"c:\Users\Hetu\OneDrive\Blogger\Resources\Articles\Layer.md", "Markdown", 0, 0, 94, 0, 0, 0, 40, 134
"c:\Users\Hetu\OneDrive\Blogger\Resources\Articles\Mahjong流程设计-大厅.md", "Markdown", 0, 0, 155, 0, 0, 0, 45, 200
"c:\Users\Hetu\OneDrive\Blogger\Resources\Articles\Mahjong流程设计-对局.md", "Markdown", 0, 0, 383, 0, 0, 0, 84, 467
"c:\Users\Hetu\OneDrive\Blogger\Resources\Articles\Mahjong规则文档.md", "Markdown", 0, 0, 94, 0, 0, 0, 21, 115
"c:\Users\Hetu\OneDrive\Blogger\Resources\Articles\Program设计文档\Mahjong\Mahjong流程设计-大厅.md", "Markdown", 0, 0, -148, 0, 0, 0, -44, -192
"c:\Users\Hetu\OneDrive\Blogger\Resources\Articles\Program设计文档\Mahjong\Mahjong流程设计-对局.md", "Markdown", 0, 0, -376, 0, 0, 0, -83, -459
"c:\Users\Hetu\OneDrive\Blogger\Resources\Articles\Program设计文档\Mahjong规则文档.md", "Markdown", 0, 0, -88, 0, 0, 0, -20, -108
"c:\Users\Hetu\OneDrive\Blogger\Resources\Articles\Unity\Layer.md", "Markdown", 0, 0, -88, 0, 0, 0, -39, -127
"c:\Users\Hetu\OneDrive\Blogger\Resources\Articles\Unity\坐标变换系统.md", "Markdown", 0, 0, -7, 0, 0, 0, 0, -7
"c:\Users\Hetu\OneDrive\Blogger\Resources\Articles\Unity\资源加载\Addressables.md", "Markdown", 0, 0, -121, 0, 0, 0, -27, -148
"c:\Users\Hetu\OneDrive\Blogger\Resources\Articles\Unity\资源加载\AssetBundle 与 Addressables 对比.md", "Markdown", 0, 0, -182, 0, 0, 0, -39, -221
"c:\Users\Hetu\OneDrive\Blogger\Resources\Articles\Unity\资源加载\Unity中的特殊文件夹.md", "Markdown", 0, 0, -156, 0, 0, 0, -36, -192
"c:\Users\Hetu\OneDrive\Blogger\Resources\Articles\Unity中的特殊文件夹.md", "Markdown", 0, 0, 163, 0, 0, 0, 37, 200
"c:\Users\Hetu\OneDrive\Blogger\Resources\Articles\_创建型概要.md", "Markdown", 0, 0, 19, 0, 0, 0, 3, 22
"c:\Users\Hetu\OneDrive\Blogger\Resources\Articles\_结构型概要.md", "Markdown", 0, 0, 23, 0, 0, 0, 4, 27
"c:\Users\Hetu\OneDrive\Blogger\Resources\Articles\_行为型模式概要.md", "Markdown", 0, 0, 19, 0, 0, 0, 4, 23
"c:\Users\Hetu\OneDrive\Blogger\Resources\Articles\empty.md", "Markdown", 0, 0, 7, 0, 0, 0, 2, 9
"c:\Users\Hetu\OneDrive\Blogger\Resources\Articles\static和const关键字.md", "Markdown", 0, 0, 265, 0, 0, 0, 94, 359
"c:\Users\Hetu\OneDrive\Blogger\Resources\Articles\switch.md", "Markdown", 0, 0, 40, 0, 0, 0, 9, 49
"c:\Users\Hetu\OneDrive\Blogger\Resources\Articles\事件.md", "Markdown", 0, 0, 34, 0, 0, 0, 12, 46
"c:\Users\Hetu\OneDrive\Blogger\Resources\Articles\依赖注入.md", "Markdown", 0, 0, 141, 0, 0, 0, 53, 194
"c:\Users\Hetu\OneDrive\Blogger\Resources\Articles\值类型与引用类型.md", "Markdown", 0, 0, 139, 0, 0, 0, 46, 185
"c:\Users\Hetu\OneDrive\Blogger\Resources\Articles\匿名函数.md", "Markdown", 0, 0, 160, 0, 0, 0, 43, 203
"c:\Users\Hetu\OneDrive\Blogger\Resources\Articles\协程.md", "Markdown", 0, 0, 92, 0, 0, 0, 30, 122
"c:\Users\Hetu\OneDrive\Blogger\Resources\Articles\反射与特性A.md", "Markdown", 0, 0, 144, 0, 0, 0, 33, 177
"c:\Users\Hetu\OneDrive\Blogger\Resources\Articles\回调.md", "Markdown", 0, 0, 177, 0, 0, 0, 36, 213
"c:\Users\Hetu\OneDrive\Blogger\Resources\Articles\坐标变换系统.md", "Markdown", 0, 0, 13, 0, 0, 0, 1, 14
"c:\Users\Hetu\OneDrive\Blogger\Resources\Articles\委托与事件——基础.md", "Markdown", 0, 0, 104, 0, 0, 0, 32, 136
"c:\Users\Hetu\OneDrive\Blogger\Resources\Articles\委托与事件——进阶.md", "Markdown", 0, 0, 59, 0, 0, 0, 7, 66
"c:\Users\Hetu\OneDrive\Blogger\Resources\Articles\字符串.md", "Markdown", 0, 0, 120, 0, 0, 0, 22, 142
"c:\Users\Hetu\OneDrive\Blogger\Resources\Articles\属性.md", "Markdown", 0, 0, 158, 0, 0, 0, 30, 188
"c:\Users\Hetu\OneDrive\Blogger\Resources\Articles\常用注册表路径.md", "Markdown", 0, 0, 11, 0, 0, 0, 1, 12
"c:\Users\Hetu\OneDrive\Blogger\Resources\Articles\强制转换.md", "Markdown", 0, 0, 65, 0, 0, 0, 20, 85
"c:\Users\Hetu\OneDrive\Blogger\Resources\Articles\扩展方法.md", "Markdown", 0, 0, 172, 0, 0, 0, 34, 206
"c:\Users\Hetu\OneDrive\Blogger\Resources\Articles\抽象方法和虚拟函数的区别.md", "Markdown", 0, 0, 181, 0, 0, 0, 32, 213
"c:\Users\Hetu\OneDrive\Blogger\Resources\Articles\抽象类.md", "Markdown", 0, 0, 56, 0, 0, 0, 11, 67
"c:\Users\Hetu\OneDrive\Blogger\Resources\Articles\抽象类与接口.md", "Markdown", 0, 0, 157, 0, 0, 0, 35, 192
"c:\Users\Hetu\OneDrive\Blogger\Resources\Articles\接口.md", "Markdown", 0, 0, 186, 0, 0, 0, 47, 233
"c:\Users\Hetu\OneDrive\Blogger\Resources\Articles\接口的特性及用法.md", "Markdown", 0, 0, 57, 0, 0, 0, 12, 69
"c:\Users\Hetu\OneDrive\Blogger\Resources\Articles\数组.md", "Markdown", 0, 0, 14, 0, 0, 0, 2, 16
"c:\Users\Hetu\OneDrive\Blogger\Resources\Articles\杂项\常用注册表路径.md", "Markdown", 0, 0, -5, 0, 0, 0, 0, -5
"c:\Users\Hetu\OneDrive\Blogger\Resources\Articles\枚举.md", "Markdown", 0, 0, 149, 0, 0, 0, 35, 184
"c:\Users\Hetu\OneDrive\Blogger\Resources\Articles\概述.md", "Markdown", 0, 0, 76, 0, 0, 0, 24, 100
"c:\Users\Hetu\OneDrive\Blogger\Resources\Articles\泛型.md", "Markdown", 0, 0, 212, 0, 0, 0, 57, 269
"c:\Users\Hetu\OneDrive\Blogger\Resources\Articles\注释.md", "Markdown", 0, 0, 20, 0, 0, 0, 4, 24
"c:\Users\Hetu\OneDrive\Blogger\Resources\Articles\结构体的运算符重载.md", "Markdown", 0, 0, 117, 0, 0, 0, 28, 145
"c:\Users\Hetu\OneDrive\Blogger\Resources\Articles\继承.md", "Markdown", 0, 0, 216, 0, 0, 0, 24, 240
"c:\Users\Hetu\OneDrive\Blogger\Resources\Articles\网络编程\1.前置知识.md", "Markdown", 0, 0, -252, 0, 0, 0, -48, -300
"c:\Users\Hetu\OneDrive\Blogger\Resources\Articles\网络编程\2.Socket套接字.md", "Markdown", 0, 0, -105, 0, 0, 0, -26, -131
"c:\Users\Hetu\OneDrive\Blogger\Resources\Articles\网络编程\3.服务端与客户端.md", "Markdown", 0, 0, -313, 0, 0, 0, -53, -366
"c:\Users\Hetu\OneDrive\Blogger\Resources\Articles\网络编程\4.消息收发.md", "Markdown", 0, 0, -25, 0, 0, 0, -11, -36
"c:\Users\Hetu\OneDrive\Blogger\Resources\Articles\设计模式\A.设计原则与设计模式概述\概述.md", "Markdown", 0, 0, -69, 0, 0, 0, -23, -92
"c:\Users\Hetu\OneDrive\Blogger\Resources\Articles\设计模式\B.创建型设计模式\1.工厂方法模式.md", "Markdown", 0, 0, -35, 0, 0, 0, -2, -37
"c:\Users\Hetu\OneDrive\Blogger\Resources\Articles\设计模式\B.创建型设计模式\2.抽象工厂模式.md", "Markdown", 0, 0, -90, 0, 0, 0, -30, -120
"c:\Users\Hetu\OneDrive\Blogger\Resources\Articles\设计模式\B.创建型设计模式\3.建造者模式.md", "Markdown", 0, 0, -104, 0, 0, 0, -43, -147
"c:\Users\Hetu\OneDrive\Blogger\Resources\Articles\设计模式\B.创建型设计模式\4.原型模式.md", "Markdown", 0, 0, -30, 0, 0, 0, -5, -35
"c:\Users\Hetu\OneDrive\Blogger\Resources\Articles\设计模式\B.创建型设计模式\5.单例模式.md", "Markdown", 0, 0, 0, 0, 0, 0, -1, -1
"c:\Users\Hetu\OneDrive\Blogger\Resources\Articles\设计模式\B.创建型设计模式\_创建型概要.md", "Markdown", 0, 0, -12, 0, 0, 0, -2, -14
"c:\Users\Hetu\OneDrive\Blogger\Resources\Articles\设计模式\C.结构型设计模式\1.适配器模式.md", "Markdown", 0, 0, -78, 0, 0, 0, -46, -124
"c:\Users\Hetu\OneDrive\Blogger\Resources\Articles\设计模式\C.结构型设计模式\2.桥接模式.md", "Markdown", 0, 0, -38, 0, 0, 0, -11, -49
"c:\Users\Hetu\OneDrive\Blogger\Resources\Articles\设计模式\C.结构型设计模式\3.组合模式.md", "Markdown", 0, 0, -42, 0, 0, 0, -19, -61
"c:\Users\Hetu\OneDrive\Blogger\Resources\Articles\设计模式\C.结构型设计模式\4.装饰器模式.md", "Markdown", 0, 0, -41, 0, 0, 0, -19, -60
"c:\Users\Hetu\OneDrive\Blogger\Resources\Articles\设计模式\C.结构型设计模式\5.外观模式.md", "Markdown", 0, 0, -30, 0, 0, 0, -16, -46
"c:\Users\Hetu\OneDrive\Blogger\Resources\Articles\设计模式\C.结构型设计模式\6.享元模式.md", "Markdown", 0, 0, -62, 0, 0, 0, -23, -85
"c:\Users\Hetu\OneDrive\Blogger\Resources\Articles\设计模式\C.结构型设计模式\7.代理模式.md", "Markdown", 0, 0, -28, 0, 0, 0, -7, -35
"c:\Users\Hetu\OneDrive\Blogger\Resources\Articles\设计模式\C.结构型设计模式\_结构型概要.md", "Markdown", 0, 0, -16, 0, 0, 0, -3, -19
"c:\Users\Hetu\OneDrive\Blogger\Resources\Articles\设计模式\D.行为型模式\1.责任链模式.md", "Markdown", 0, 0, -29, 0, 0, 0, -7, -36
"c:\Users\Hetu\OneDrive\Blogger\Resources\Articles\设计模式\D.行为型模式\10.访问者模式.md", "Markdown", 0, 0, -40, 0, 0, 0, -8, -48
"c:\Users\Hetu\OneDrive\Blogger\Resources\Articles\设计模式\D.行为型模式\11.解释器模式.md", "Markdown", 0, 0, -29, 0, 0, 0, -8, -37
"c:\Users\Hetu\OneDrive\Blogger\Resources\Articles\设计模式\D.行为型模式\2.命令模式.md", "Markdown", 0, 0, -27, 0, 0, 0, -6, -33
"c:\Users\Hetu\OneDrive\Blogger\Resources\Articles\设计模式\D.行为型模式\3.迭代器模式.md", "Markdown", 0, 0, -41, 0, 0, 0, -12, -53
"c:\Users\Hetu\OneDrive\Blogger\Resources\Articles\设计模式\D.行为型模式\4.中介者模式.md", "Markdown", 0, 0, -40, 0, 0, 0, -8, -48
"c:\Users\Hetu\OneDrive\Blogger\Resources\Articles\设计模式\D.行为型模式\5.备忘录模式.md", "Markdown", 0, 0, -39, 0, 0, 0, -7, -46
"c:\Users\Hetu\OneDrive\Blogger\Resources\Articles\设计模式\D.行为型模式\6.观察者模式.md", "Markdown", 0, 0, -68, 0, 0, 0, -15, -83
"c:\Users\Hetu\OneDrive\Blogger\Resources\Articles\设计模式\D.行为型模式\7.状态模式.md", "Markdown", 0, 0, -93, 0, 0, 0, -26, -119
"c:\Users\Hetu\OneDrive\Blogger\Resources\Articles\设计模式\D.行为型模式\8.策略模式.md", "Markdown", 0, 0, -30, 0, 0, 0, -16, -46
"c:\Users\Hetu\OneDrive\Blogger\Resources\Articles\设计模式\D.行为型模式\9.模版方法模式.md", "Markdown", 0, 0, -34, 0, 0, 0, -9, -43
"c:\Users\Hetu\OneDrive\Blogger\Resources\Articles\设计模式\D.行为型模式\_行为型模式概要.md", "Markdown", 0, 0, -12, 0, 0, 0, -3, -15
"c:\Users\Hetu\OneDrive\Blogger\Resources\Articles\设计模式\E.附录\1.设计模式面试常考点.md", "Markdown", 0, 0, -70, 0, 0, 0, -23, -93
"c:\Users\Hetu\OneDrive\Blogger\Resources\Articles\设计模式\E.附录\2.数据局部性与系统性能优化.md", "Markdown", 0, 0, -43, 0, 0, 0, -12, -55
"c:\Users\Hetu\OneDrive\Blogger\Resources\Articles\设计模式\E.附录\3.ECS架构设计.md", "Markdown", 0, 0, -61, 0, 0, 0, -16, -77
"c:\Users\Hetu\OneDrive\Blogger\Resources\Articles\设计模式\E.附录\4.对象池设计浅析.md", "Markdown", 0, 0, -44, 0, 0, 0, -13, -57
"c:\Users\Hetu\OneDrive\Blogger\Resources\Articles\设计模式\E.附录\5.架构设计.md", "Markdown", 0, 0, -52, 0, 0, 0, -16, -68
"c:\Users\Hetu\OneDrive\Blogger\Resources\Articles\设计模式\E.附录\6.MVC、MVP、MVVM架构的异同.md", "Markdown", 0, 0, -160, 0, 0, 0, -89, -249
"c:\Users\Hetu\OneDrive\Blogger\Resources\Articles\设计模式\E.附录\7.Unity、前端、WinForm中更适合用哪一种架构.md", "Markdown", 0, 0, -250, 0, 0, 0, -144, -394
"c:\Users\Hetu\OneDrive\Blogger\Resources\Articles\设计模式\依赖注入.md", "Markdown", 0, 0, -141, 0, 0, 0, -53, -194
"c:\Users\Hetu\OneDrive\Blogger\Resources\site.config.json", "JSON", 0, 0, 0, -5, 0, 0, 0, -5
"c:\Users\Hetu\OneDrive\Blogger\index.html", "HTML", 0, 0, 0, 0, -3, 0, -1, -4
"c:\Users\Hetu\OneDrive\Blogger\js\app.js", "JavaScript", -61, 0, 0, 0, 0, 0, -4, -65
"c:\Users\Hetu\OneDrive\Blogger\js\components.js", "JavaScript", -984, 0, 0, 0, 0, -8, -112, -1104
"c:\Users\Hetu\OneDrive\Blogger\js\modules_data.js", "JavaScript", -398, 0, 0, 0, 0, 0, 0, -398
"c:\Users\Hetu\OneDrive\Blogger\js\services.js", "JavaScript", -80, 0, 0, 0, 0, -13, -14, -107
"c:\Users\Hetu\OneDrive\Blogger\js\text-utils.js", "JavaScript", 96, 0, 0, 0, 0, 29, 26, 151
"c:\Users\Hetu\OneDrive\Blogger\js\utils.js", "JavaScript", -135, 0, 0, 0, 0, -5, 1, -139
"c:\Users\Hetu\OneDrive\Blogger\js\view-helpers.js", "JavaScript", 141, 0, 0, 0, 0, 79, 38, 258
"c:\Users\Hetu\OneDrive\Blogger\js\views\article.js", "JavaScript", 233, 0, 0, 0, 0, 6, 26, 265
"c:\Users\Hetu\OneDrive\Blogger\js\views\common.js", "JavaScript", 133, 0, 0, 0, 0, 6, 20, 159
"c:\Users\Hetu\OneDrive\Blogger\js\views\home.js", "JavaScript", 168, 0, 0, 0, 0, 7, 13, 188
"c:\Users\Hetu\OneDrive\Blogger\js\views\taxonomy.js", "JavaScript", 353, 0, 0, 0, 0, 6, 38, 397
"c:\Users\Hetu\OneDrive\Blogger\scripts\generate_modules.ps1", "PowerShell", 0, -49, 0, 0, 0, -15, -9, -73
"c:\Users\Hetu\OneDrive\Blogger\scripts\site-builder.js", "JavaScript", -157, 0, 0, 0, 0, 0, 12, -145
"Total", "-", -691, -49, 547, -5, -3, 92, 113, 4